ip,time,user,status,role
192.168.1.1,10:00:00,user1,success,user
192.168.1.2,10:01:00,user1,failed,user
192.168.1.2,10:02:00,user1,failed,user
192.168.1.2,10:03:00,user1,failed,user
192.168.1.2,10:04:00,user1,failed,user
192.168.1.2,10:05:00,user1,failed,user
192.168.1.3,23:30:00,user2,success,user
192.168.1.4,02:15:00,user3,success,user
192.168.1.5,11:00:00,user4,success,user
192.168.1.5,11:01:00,user4,failed,user
192.168.1.5,11:02:00,user4,failed,user
192.168.1.6,12:00:00,admin,success,admin
127.0.0.1,14:59:07,hi,failed,user
127.0.0.1,14:59:49,jjj,failed,user
127.0.0.1,15:07:57,varshini,failed,user
127.0.0.1,15:08:03,hi,failed,user
127.0.0.1,15:22:01,varshini,failed,user
127.0.0.1,15:30:35,varshini,failed,user